{
    "display": {
      "icon": {
        "id": "minecraft:smithing_table",
        "count": 1
      },
      "title": "Constructure",
      "description": "Craft a Smithing Table, an actually useful block?",
      "frame": "goal",
      "show_toast": true,
      "announce_to_chat": true,
      "hidden": false
    },
    "parent": "inconv:no_rest_for_the_wicked",
    "criteria": {
      "requirement": {
        "trigger": "minecraft:recipe_crafted",
        "conditions": {
          "recipe_id": "minecraft:smithing_table"
        }
      }
    },
    "rewards": {
        "experience": 35
    }
  }