{
    "display": {
      "icon": {
        "id": "minecraft:iron_sword",
        "count": 1
      },
      "title": "Cosmic Irony",
      "description": "Craft any iron tool.",
      "frame": "task",
      "show_toast": true,
      "announce_to_chat": true,
      "hidden": false
    },
    "parent": "inconv:smelting_not_included",
    "criteria": {
      "craft_iron_pickaxe": {
        "trigger": "minecraft:recipe_crafted",
        "conditions": {
          "recipe_id": "minecraft:iron_pickaxe"
        }
      },
      "craft_iron_sword": {
        "trigger": "minecraft:recipe_crafted",
        "conditions": {
          "recipe_id": "minecraft:iron_sword"
        }
      },
      "craft_iron_shovel": {
        "trigger": "minecraft:recipe_crafted",
        "conditions": {
          "recipe_id": "minecraft:iron_shovel"
        }
      },
      "craft_iron_axe": {
        "trigger": "minecraft:recipe_crafted",
        "conditions": {
          "recipe_id": "minecraft:iron_axe"
        }
      },
      "craft_iron_hoe": {
        "trigger": "minecraft:recipe_crafted",
        "conditions": {
          "recipe_id": "minecraft:iron_hoe"
        }
      }
    },
    "requirements": [
      [
        "craft_iron_pickaxe",
        "craft_iron_sword",
        "craft_iron_shovel",
        "craft_iron_axe",
        "craft_iron_hoe"
      ]
    ]
  }