{
    "display": {
      "icon": {
        "id": "minecraft:netherite_chestplate",
        "count": 1
      },
      "title": "Culmination",
      "description": "Craft any piece of netherite armor. You so awesome!",
      "frame": "goal",
      "show_toast": true,
      "announce_to_chat": true,
      "hidden": false
    },
    "parent": "inconv:carbon_bonding",
    "criteria": {
      "craft_netherite_helmet": {
        "trigger": "minecraft:recipe_crafted",
        "conditions": {
          "recipe_id": "minecraft:netherite_helmet_smithing"
        }
      },
      "craft_netherite_chestplate": {
        "trigger": "minecraft:recipe_crafted",
        "conditions": {
          "recipe_id": "minecraft:netherite_chestplate_smithing"
        }
      },
      "craft_netherite_leggings": {
        "trigger": "minecraft:recipe_crafted",
        "conditions": {
          "recipe_id": "minecraft:netherite_leggings_smithing"
        }
      },
      "craft_netherite_boots": {
        "trigger": "minecraft:recipe_crafted",
        "conditions": {
          "recipe_id": "minecraft:netherite_boots_smithing"
        }
      }
    },
    "requirements": [
      [
        "craft_netherite_helmet",
        "craft_netherite_chestplate",
        "craft_netherite_leggings",
        "craft_netherite_boots"
      ]
    ]
  }