{
    "display": {
      "icon": {
        "id": "minecraft:brewing_stand",
        "count": 1
      },
      "title": "Get me another beer, Glenda!",
      "description": "Make a Brewing Stand so you can appease your abusive husband.",
      "frame": "goal",
      "show_toast": true,
      "announce_to_chat": true,
      "hidden": false
    },
    "parent": "inconv:no_rest_for_the_wicked",
    "criteria": {
      "craft_brewing_stand": {
        "trigger": "minecraft:recipe_crafted",
        "conditions": {
          "recipe_id": "minecraft:brewing_stand"
        }
      }
    },
    "rewards": {
        "experience": 35
    }
  }