{
    "display": {
      "icon": {
        "id": "minecraft:leather_boots",
        "count": 1
      },
      "title": "Leathered Out",
      "description": "Craft any piece of leather armor.",
      "frame": "task",
      "show_toast": true,
      "announce_to_chat": true,
      "hidden": false
    },
    "parent": "inconv:root",
    "criteria":  {
      "craft_leather_helmet": {
        "trigger": "minecraft:recipe_crafted",
        "conditions": {
          "recipe_id": "minecraft:leather_helmet"
        }
      },
      "craft_leather_chestplate": {
        "trigger": "minecraft:recipe_crafted",
        "conditions": {
          "recipe_id": "minecraft:leather_chestplate"
        }
      },
      "craft_leather_leggings": {
        "trigger": "minecraft:recipe_crafted",
        "conditions": {
          "recipe_id": "minecraft:leather_leggings"
        }
      },
      "craft_leather_boots": {
        "trigger": "minecraft:recipe_crafted",
        "conditions": {
          "recipe_id": "minecraft:leather_boots"
        }
      }
    },
    "requirements": [
      [
        "craft_leather_helmet",
        "craft_leather_chestplate",
        "craft_leather_leggings",
        "craft_leather_boots"
      ]
    ]
  }