{
    "display": {
      "icon": {
        "id": "minecraft:golden_helmet",
        "count": 1
      },
      "title": "Midas Touched",
      "description": "Craft any piece of golden armor.",
      "frame": "task",
      "show_toast": true,
      "announce_to_chat": true,
      "hidden": false
    },
    "parent": "inconv:leathered_out",
    "criteria": {
      "craft_golden_helmet": {
        "trigger": "minecraft:recipe_crafted",
        "conditions": {
          "recipe_id": "minecraft:golden_helmet"
        }
      },
      "craft_golden_chestplate": {
        "trigger": "minecraft:recipe_crafted",
        "conditions": {
          "recipe_id": "minecraft:golden_chestplate"
        }
      },
      "craft_golden_leggings": {
        "trigger": "minecraft:recipe_crafted",
        "conditions": {
          "recipe_id": "minecraft:golden_leggings"
        }
      },
      "craft_golden_boots": {
        "trigger": "minecraft:recipe_crafted",
        "conditions": {
          "recipe_id": "minecraft:golden_boots"
        }
      }
    },
    "requirements": [
      [
        "craft_golden_helmet",
        "craft_golden_chestplate",
        "craft_golden_leggings",
        "craft_golden_boots"
      ]
    ]
  }