{
    "display": {
      "icon": {
        "id": "minecraft:wooden_pickaxe",
        "count": 1
      },
      "title": "Inconveniencing",
      "description": "Craft any wooden tool with a new, odd recipe.",
      "background": "minecraft:textures/block/oak_planks.png",
      "frame": "task",
      "show_toast": true,
      "announce_to_chat": true,
      "hidden": false
    },
    "criteria": {
      "craft_wooden_pickaxe": {
        "trigger": "minecraft:recipe_crafted",
        "conditions": {
          "recipe_id": "minecraft:wooden_pickaxe"
        }
      },
      "craft_wooden_sword": {
        "trigger": "minecraft:recipe_crafted",
        "conditions": {
          "recipe_id": "minecraft:wooden_sword"
        }
      },
      "craft_wooden_shovel": {
        "trigger": "minecraft:recipe_crafted",
        "conditions": {
          "recipe_id": "minecraft:wooden_shovel"
        }
      },
      "craft_wooden_axe": {
        "trigger": "minecraft:recipe_crafted",
        "conditions": {
          "recipe_id": "minecraft:wooden_axe"
        }
      },
      "craft_wooden_hoe": {
        "trigger": "minecraft:recipe_crafted",
        "conditions": {
          "recipe_id": "minecraft:wooden_hoe"
        }
      }
    },
    "requirements": [
      [
        "craft_wooden_pickaxe",
        "craft_wooden_sword",
        "craft_wooden_shovel",
        "craft_wooden_axe",
        "craft_wooden_hoe"
      ]
    ]
  }