{
    "display": {
      "icon": {
        "id": "minecraft:stone_axe",
        "count": 1
      },
      "title": "Smelting not Included",
      "description": "Craft any stone tool.",
      "frame": "task",
      "show_toast": true,
      "announce_to_chat": true,
      "hidden": false
    },
    "parent": "inconv:root",
    "criteria": {
      "craft_stone_pickaxe": {
        "trigger": "minecraft:recipe_crafted",
        "conditions": {
          "recipe_id": "minecraft:stone_pickaxe"
        }
      },
      "craft_stone_sword": {
        "trigger": "minecraft:recipe_crafted",
        "conditions": {
          "recipe_id": "minecraft:stone_sword"
        }
      },
      "craft_stone_shovel": {
        "trigger": "minecraft:recipe_crafted",
        "conditions": {
          "recipe_id": "minecraft:stone_shovel"
        }
      },
      "craft_stone_axe": {
        "trigger": "minecraft:recipe_crafted",
        "conditions": {
          "recipe_id": "minecraft:stone_axe"
        }
      },
      "craft_stone_hoe": {
        "trigger": "minecraft:recipe_crafted",
        "conditions": {
          "recipe_id": "minecraft:stone_hoe"
        }
      }
    },
    "requirements": [
      [
        "craft_stone_pickaxe",
        "craft_stone_sword",
        "craft_stone_shovel",
        "craft_stone_axe",
        "craft_stone_hoe"
      ]
    ]
  }