{
    "display": {
      "icon": {
        "id": "minecraft:furnace",
        "count": 1
      },
      "title": "The Smiths",
      "description": "A whole furnace family!",
      "frame": "task",
      "show_toast": true,
      "announce_to_chat": true,
      "hidden": false
    },
    "parent": "inconv:root",
    "criteria": {
      "requirement": {
        "trigger": "minecraft:recipe_crafted",
        "conditions": {
          "recipe_id": "minecraft:furnace"
        }
      }
    }
  }