{
    "display": {
      "icon": {
        "id": "minecraft:smoker",
        "count": 1
      },
      "title": "The Smokes",
      "description": "The black sheep.",
      "frame": "task",
      "show_toast": true,
      "announce_to_chat": true,
      "hidden": false
    },
    "parent": "inconv:the_smiths",
    "criteria": {
      "requirement": {
        "trigger": "minecraft:recipe_crafted",
        "conditions": {
          "recipe_id": "minecraft:smoker"
        }
      }
    }
  }