{
    "display": {
      "icon": {
        "id": "minecraft:crossbow",
        "count": 1
      },
      "title": "The Recipe from Hell",
      "description": "Good luck. :)",
      "frame": "challenge",
      "show_toast": true,
      "announce_to_chat": true,
      "hidden": false
    },
    "parent": "inconv:archer",
    "criteria": {
      "requirement": {
        "trigger": "minecraft:recipe_crafted",
        "conditions": {
          "recipe_id": "minecraft:crossbow"
        }
      }
    },
    "rewards": {
        "experience": 75
    }
  }