{
    "display": {
      "icon": {
        "id": "minecraft:turtle_helmet",
        "count": 1
      },
      "title": "Under the Sea",
      "description": "Craft a Turtle Shell!",
      "frame": "goal",
      "show_toast": true,
      "announce_to_chat": true,
      "hidden": false
    },
    "parent": "inconv:iron_out_the_kinks",
    "criteria": {
      "requirement": {
        "trigger": "minecraft:recipe_crafted",
        "conditions": {
          "recipe_id": "minecraft:turtle_shell"
        }
      }
    }
  }