{
    "type": "minecraft:crafting_shaped",
    "pattern": [
      "222",
      "343",
      "151"
    ],
    "key": {
      "1": {
        "item": "minecraft:smooth_stone"
      },
      "2": {
        "item": "minecraft:redstone_torch"
      },
      "3": {
        "item": "minecraft:redstone"
      },
      "4": {
        "item": "minecraft:quartz"
      },
      "5": {
        "item": "minecraft:smooth_stone_slab"
      }
    },
    "result": {
      "id": "minecraft:comparator",
      "count": 1
    }
  }