{
    "type": "minecraft:crafting_shaped",
    "pattern": [
      "535",
      "242",
      "111"
    ],
    "key": {
      "1": {
        "item": "minecraft:obsidian"
      },
      "2": {
        "item": "minecraft:diamond"
      },
      "3": {
        "item": "minecraft:book"
      },
      "4": {
        "item": "red_wool"
      },
      "5": {
        "item": "red_carpet"
      }
    },
    "result": {
      "id": "minecraft:enchanting_table",
      "count": 1
    }
  }