{
    "type": "minecraft:crafting_shaped",
    "pattern": [
      "323",
      "424",
      "515"
    ],
    "key": {
      "1": {
        "item": "minecraft:smooth_stone"
      },
      "2": {
        "item": "minecraft:blaze_rod"
      },
      "3": {
        "item": "minecraft:iron_nugget"
      },
      "4": {
        "item": "minecraft:iron_bars"
      },
      "5": {
        "item": "minecraft:smooth_stone_slab"
      }
    },
    "result": {
      "id": "minecraft:brewing_stand",
      "count": 1
    }
  }