{
    "type": "minecraft:crafting_shaped",
    "pattern": [
      "444",
      "525",
      "313"
    ],
    "key": {
      "1": {
        "item": "minecraft:dropper"
      },
      "2": {
        "item": "minecraft:crafting_table"
      },
      "3": {
        "item": "minecraft:redstone"
      },
      "4": {
        "item": "minecraft:iron_ingot"
      },
      "5": {
        "item": "minecraft:oak_planks"
      }
    },
    "result": {
      "id": "minecraft:crafter",
      "count": 1
    }
  }