{
    "type": "minecraft:crafting_shaped",
    "pattern": [
      "462",
      "615",
      "253"
    ],
    "key": {
      "1": {
        "item": "minecraft:bow"
      },
      "2": {
        "item": "minecraft:stick"
      },
      "3": {
        "item": "minecraft:tripwire_hook"
      },
      "4": {
        "item": "minecraft:iron_ingot"
      },
      "5": {
        "item": "minecraft:iron_nugget"
      },
      "6": {
        "tag": "minecraft:logs"
      }
    },
    "result": {
      "id": "minecraft:crossbow",
      "count": 1
    }
  }