{
    "type": "minecraft:crafting_shaped",
    "pattern": [
      "322",
      "645",
      "111"
    ],
    "key": {
      "1": {
        "item": "minecraft:birch_planks"
      },
      "2": {
        "item": "minecraft:flint"
      },
      "3": {
        "item": "minecraft:feather"
      },
      "4": {
        "item": "minecraft:arrow"
      },
      "5": {
        "item": "minecraft:target"
      },
      "6": {
        "item": "minecraft:bow"
      }
    },
    "result": {
      "id": "minecraft:fletching_table",
      "count": 1
    }
  }