{
    "type": "minecraft:crafting_shaped",
    "pattern": [
      "545",
      "121",
      "131"
    ],
    "key": {
      "1": {
        "item": "minecraft:smooth_stone"
      },
      "2": {
        "item": "minecraft:iron_ingot"
      },
      "3": {
        "item": "minecraft:redstone"
      },
      "4": {
        "item": "minecraft:stripped_oak_wood"
      },
      "5": {
        "item": "minecraft:iron_nugget"
      }
    },
    "result": {
      "id": "minecraft:piston",
      "count": 1
    }
  }