{
    "type": "minecraft:crafting_shapeless",
    "ingredients": [
      {
        "item": "minecraft:milk_bucket"
      },
      {
        "item": "minecraft:red_mushroom"
      },
      {
        "item": "minecraft:baked_potato"
      },
      {
        "item": "minecraft:bowl"
      },
      {
        "item": "minecraft:cooked_rabbit"
      },
      {
        "item": "minecraft:carrot"
      }
    ],
    "result": {
      "id": "minecraft:rabbit_stew",
      "count": 1
    }
  }