{
    "type": "minecraft:crafting_shaped",
    "pattern": [
      "131",
      "645",
      "222"
    ],
    "key": {
      "1": {
        "item": "minecraft:iron_ingot"
      },
      "2": {
        "item": "minecraft:dark_oak_planks"
      },
      "3": {
        "item": "minecraft:armor_stand"
      },
      "4": {
        "item": "minecraft:crafting_table"
      },
      "5": {
        "item": "minecraft:iron_axe"
      },
      "6": {
        "item": "minecraft:shears"
      }
    },
    "result": {
      "id": "minecraft:smithing_table",
      "count": 1
    }
  }