{
    "display": {
      "icon": {
        "id": "minecraft:diamond_leggings",
        "count": 1
      },
      "title": "Carbon Bonding",
      "description": "Craft any piece of diamond armor. Sparkly!",
      "frame": "task",
      "show_toast": true,
      "announce_to_chat": true,
      "hidden": false
    },
    "parent": "inconv:iron_out_the_kinks",
    "criteria": {
      "craft_diamond_helmet": {
        "trigger": "minecraft:recipe_crafted",
        "conditions": {
          "recipe_id": "minecraft:diamond_helmet"
        }
      },
      "craft_diamond_chestplate": {
        "trigger": "minecraft:recipe_crafted",
        "conditions": {
          "recipe_id": "minecraft:diamond_chestplate"
        }
      },
      "craft_diamond_leggings": {
        "trigger": "minecraft:recipe_crafted",
        "conditions": {
          "recipe_id": "minecraft:diamond_leggings"
        }
      },
      "craft_diamond_boots": {
        "trigger": "minecraft:recipe_crafted",
        "conditions": {
          "recipe_id": "minecraft:diamond_boots"
        }
      }
    },
    "requirements": [
      [
        "craft_diamond_helmet",
        "craft_diamond_chestplate",
        "craft_diamond_leggings",
        "craft_diamond_boots"
      ]
    ]
  }