{
    "display": {
      "icon": {
        "id": "minecraft:iron_chestplate",
        "count": 1
      },
      "title": "Iron Out the Kinks",
      "description": "Craft any piece of iron armor.",
      "frame": "task",
      "show_toast": true,
      "announce_to_chat": true,
      "hidden": false
    },
    "parent": "inconv:leathered_out",
    "criteria": {
      "craft_iron_helmet": {
        "trigger": "minecraft:recipe_crafted",
        "conditions": {
          "recipe_id": "minecraft:iron_helmet"
        }
      },
      "craft_iron_chestplate": {
        "trigger": "minecraft:recipe_crafted",
        "conditions": {
          "recipe_id": "minecraft:iron_chestplate"
        }
      },
      "craft_iron_leggings": {
        "trigger": "minecraft:recipe_crafted",
        "conditions": {
          "recipe_id": "minecraft:iron_leggings"
        }
      },
      "craft_iron_boots": {
        "trigger": "minecraft:recipe_crafted",
        "conditions": {
          "recipe_id": "minecraft:iron_boots"
        }
      }
    },
    "requirements": [
      [
        "craft_iron_helmet",
        "craft_iron_chestplate",
        "craft_iron_leggings",
        "craft_iron_boots"
      ]
    ]
  }