{
    "display": {
      "icon": {
        "id": "minecraft:golden_hoe",
        "count": 1
      },
      "title": "Just why?",
      "description": "Craft any golden tool. Why would you, though?",
      "frame": "task",
      "show_toast": true,
      "announce_to_chat": true,
      "hidden": false
    },
    "parent": "inconv:cosmic_irony",
    "criteria": {
      "craft_golden_pickaxe": {
        "trigger": "minecraft:recipe_crafted",
        "conditions": {
          "recipe_id": "minecraft:golden_pickaxe"
        }
      },
      "craft_golden_sword": {
        "trigger": "minecraft:recipe_crafted",
        "conditions": {
          "recipe_id": "minecraft:golden_sword"
        }
      },
      "craft_golden_shovel": {
        "trigger": "minecraft:recipe_crafted",
        "conditions": {
          "recipe_id": "minecraft:golden_shovel"
        }
      },
      "craft_golden_axe": {
        "trigger": "minecraft:recipe_crafted",
        "conditions": {
          "recipe_id": "minecraft:golden_axe"
        }
      },
      "craft_golden_hoe": {
        "trigger": "minecraft:recipe_crafted",
        "conditions": {
          "recipe_id": "minecraft:golden_hoe"
        }
      }
    },
    "requirements": [
      [
        "craft_golden_pickaxe",
        "craft_golden_sword",
        "craft_golden_shovel",
        "craft_golden_axe",
        "craft_golden_hoe"
      ]
    ]
  }