{
    "display": {
      "icon": {
        "id": "minecraft:lodestone",
        "count": 1
      },
      "title": "Long Way Home",
      "description": "It's funny how I made this recipe require three different stone types. How evil is that?",
      "frame": "goal",
      "show_toast": true,
      "announce_to_chat": true,
      "hidden": false
    },
    "parent": "inconv:no_rest_for_the_wicked",
    "criteria": {
      "craft_brewing_stand": {
        "trigger": "minecraft:recipe_crafted",
        "conditions": {
          "recipe_id": "minecraft:lodestone"
        }
      }
    },
    "rewards": {
        "experience": 15
    }
  }