{
    "display": {
      "icon": {
        "id": "minecraft:mace",
        "count": 1
      },
      "title": "Maccive Attack",
      "description": "Craft a Mace! Fun!",
      "frame": "challenge",
      "show_toast": true,
      "announce_to_chat": true,
      "hidden": false
    },
    "parent": "inconv:the_recipe_from_hell",
    "criteria": {
      "requirement": {
        "trigger": "minecraft:recipe_crafted",
        "conditions": {
          "recipe_id": "minecraft:mace"
        }
      }
    },
    "rewards": {
        "experience": 25
    }
  }