{
  "display": {
    "icon": {
      "id": "minecraft:red_bed"
    },
    "title": {
      "text": "No Rest for the Wicked"
    },
    "description": [
      {
        "text": "Craft any Bed with much more difficulty."
      }
    ],
    "frame": "task"
  },
  "parent": "inconv:root",
  "criteria": {
    "craft_red_bed": {
      "trigger": "minecraft:recipe_crafted",
      "conditions": {
        "recipe_id": "minecraft:red_bed"
      }
    },
    "craft_orange_bed": {
      "trigger": "minecraft:recipe_crafted",
      "conditions": {
        "recipe_id": "minecraft:orange_bed"
      }
    },
    "craft_yellow_bed": {
      "trigger": "minecraft:recipe_crafted",
      "conditions": {
        "recipe_id": "minecraft:yellow_bed"
      }
    },
    "craft_lime_bed": {
      "trigger": "minecraft:recipe_crafted",
      "conditions": {
        "recipe_id": "minecraft:lime_bed"
      }
    },
    "craft_green_bed": {
      "trigger": "minecraft:recipe_crafted",
      "conditions": {
        "recipe_id": "minecraft:green_bed"
      }
    },
    "craft_light_blue_bed": {
      "trigger": "minecraft:recipe_crafted",
      "conditions": {
        "recipe_id": "minecraft:light_blue_bed"
      }
    },
    "craft_cyan_bed": {
      "trigger": "minecraft:recipe_crafted",
      "conditions": {
        "recipe_id": "minecraft:cyan_bed"
      }
    },
    "craft_blue_bed": {
      "trigger": "minecraft:recipe_crafted",
      "conditions": {
        "recipe_id": "minecraft:blue_bed"
      }
    },
    "craft_pink_bed": {
      "trigger": "minecraft:recipe_crafted",
      "conditions": {
        "recipe_id": "minecraft:pink_bed"
      }
    },
    "craft_magenta_bed": {
      "trigger": "minecraft:recipe_crafted",
      "conditions": {
        "recipe_id": "minecraft:magenta_bed"
      }
    },
    "craft_purple_bed": {
      "trigger": "minecraft:recipe_crafted",
      "conditions": {
        "recipe_id": "minecraft:purple_bed"
      }
    },
    "craft_brown_bed": {
      "trigger": "minecraft:recipe_crafted",
      "conditions": {
        "recipe_id": "minecraft:brown_bed"
      }
    },
    "craft_light_gray_bed": {
      "trigger": "minecraft:recipe_crafted",
      "conditions": {
        "recipe_id": "minecraft:light_gray_bed"
      }
    },
    "craft_gray_bed": {
      "trigger": "minecraft:recipe_crafted",
      "conditions": {
        "recipe_id": "minecraft:gray_bed"
      }
    },
    "craft_black_bed": {
      "trigger": "minecraft:recipe_crafted",
      "conditions": {
        "recipe_id": "minecraft:black_bed"
      }
    },
    "craft_white_bed": {
      "trigger": "minecraft:recipe_crafted",
      "conditions": {
        "recipe_id": "minecraft:white_bed"
      }
    }
  },
  "requirements": [
    [
      "craft_red_bed",
      "craft_orange_bed",
      "craft_yellow_bed",
      "craft_lime_bed",
      "craft_green_bed",
      "craft_light_blue_bed",
      "craft_cyan_bed",
      "craft_blue_bed",
      "craft_pink_bed",
      "craft_magenta_bed",
      "craft_purple_bed",
      "craft_brown_bed",
      "craft_light_gray_bed",
      "craft_gray_bed",
      "craft_black_bed",
      "craft_white_bed"
    ]
  ]
}