{
    "display": {
      "icon": {
        "id": "minecraft:diamond_shovel",
        "count": 1
      },
      "title": "Shine Bright Like a Diamond!",
      "description": "Craft any diamond tool. Shiny!",
      "frame": "task",
      "show_toast": true,
      "announce_to_chat": true,
      "hidden": false
    },
    "parent": "inconv:cosmic_irony",
    "criteria": {
      "craft_diamond_pickaxe": {
        "trigger": "minecraft:recipe_crafted",
        "conditions": {
          "recipe_id": "minecraft:diamond_pickaxe"
        }
      },
      "craft_diamond_sword": {
        "trigger": "minecraft:recipe_crafted",
        "conditions": {
          "recipe_id": "minecraft:diamond_sword"
        }
      },
      "craft_diamond_shovel": {
        "trigger": "minecraft:recipe_crafted",
        "conditions": {
          "recipe_id": "minecraft:diamond_shovel"
        }
      },
      "craft_diamond_axe": {
        "trigger": "minecraft:recipe_crafted",
        "conditions": {
          "recipe_id": "minecraft:diamond_axe"
        }
      },
      "craft_diamond_hoe": {
        "trigger": "minecraft:recipe_crafted",
        "conditions": {
          "recipe_id": "minecraft:diamond_hoe"
        }
      }
    },
    "requirements": [
      [
        "craft_diamond_pickaxe",
        "craft_diamond_sword",
        "craft_diamond_shovel",
        "craft_diamond_axe",
        "craft_diamond_hoe"
      ]
    ]
  }