{
    "display": {
      "icon": {
        "id": "minecraft:netherite_pickaxe",
        "count": 1
      },
      "title": "Supremacy",
      "description": "Craft any netherite tool. You so cool!",
      "frame": "goal",
      "show_toast": true,
      "announce_to_chat": true,
      "hidden": false
    },
    "parent": "inconv:shine_bright_like_a_diamond",
    "criteria": {
      "craft_netherite_pickaxe": {
        "trigger": "minecraft:recipe_crafted",
        "conditions": {
          "recipe_id": "minecraft:netherite_pickaxe_smithing"
        }
      },
      "craft_netherite_sword": {
        "trigger": "minecraft:recipe_crafted",
        "conditions": {
          "recipe_id": "minecraft:netherite_sword_smithing"
        }
      },
      "craft_netherite_shovel": {
        "trigger": "minecraft:recipe_crafted",
        "conditions": {
          "recipe_id": "minecraft:netherite_shovel_smithing"
        }
      },
      "craft_netherite_axe": {
        "trigger": "minecraft:recipe_crafted",
        "conditions": {
          "recipe_id": "minecraft:netherite_axe_smithing"
        }
      },
      "craft_netherite_hoe": {
        "trigger": "minecraft:recipe_crafted",
        "conditions": {
          "recipe_id": "minecraft:netherite_hoe_smithing"
        }
      }
    },
    "requirements": [
      [
        "craft_netherite_pickaxe",
        "craft_netherite_sword",
        "craft_netherite_shovel",
        "craft_netherite_axe",
        "craft_netherite_hoe"
      ]
    ]
  }