{
    "display": {
      "icon": {
        "id": "minecraft:blast_furnace",
        "count": 1
      },
      "title": "The Blasts",
      "description": "The fun uncle!",
      "frame": "task",
      "show_toast": true,
      "announce_to_chat": true,
      "hidden": false
    },
    "parent": "inconv:the_smokes",
    "criteria": {
      "requirement": {
        "trigger": "minecraft:recipe_crafted",
        "conditions": {
          "recipe_id": "minecraft:blast_furnace"
        }
      }
    }
  }