{
  "display": {
    "icon": {
      "id": "minecraft:fletching_table",
      "count": 1
    },
    "title": "Why did I make this?",
    "description": "Craft a Fletching Table and then contemplate your life choices.",
    "frame": "goal",
    "show_toast": true,
    "announce_to_chat": true,
    "hidden": false
  },
  "parent": "inconv:no_rest_for_the_wicked",
  "criteria": {
    "requirement": {
      "trigger": "minecraft:recipe_crafted",
      "conditions": {
        "recipe_id": "minecraft:fletching_table"
      }
    }
  },
  "rewards": {
      "experience": 35
  }
}